"title","author","genre","rating","img","numRater","type","price"
"The Broken Circle","Enjeela Ahmadi-Miller","History","4.5","https://images-na.ssl-images-amazon.com/images/I/91DzgssLBzL.__BG0,0,0,0_FMpng_AC_UL200_SR200,200_.jpg","214","Kindle Edition","4.99"
"The Threat","Andrew G. McCabe","History","4.7","https://images-na.ssl-images-amazon.com/images/I/81daKLuXheL._AC_UL200_SR200,200_.jpg","128","Audible Audiobook"," Free with Audible trial"
"The Threat","Andrew G. McCabe","History","4.7","https://images-na.ssl-images-amazon.com/images/I/81wwJtMLCqL._AC_UL200_SR200,200_.jpg","128","Hardcover","17.99"
"The Threat","Andrew G. McCabe","History","4.7","https://images-na.ssl-images-amazon.com/images/I/81wwJtMLCqL.__BG0,0,0,0_FMpng_AC_UL200_SR200,200_.jpg","128","Kindle Edition","14.99"
"Sapiens","Yuval Noah Harari","History","4.5","https://images-na.ssl-images-amazon.com/images/I/81tPEe0egBL._AC_UL200_SR200,200_.jpg","5603","Audible Audiobook"," Free with Audible trial"
"Extreme Ownership","Jocko Willink","History","4.8","https://images-na.ssl-images-amazon.com/images/I/81zCJh6xsQL._AC_UL200_SR200,200_.jpg","2585","Audible Audiobook"," Free with Audible trial"
"The Winter Fortress","Neal Bascomb","History","4.6","https://images-na.ssl-images-amazon.com/images/I/91Hfp9s1A3L._UX300_PJku-sticker-v7,TopRight,0,-50_OU01__BG0,0,0,0_FMpng_AC_UL200_SR200,200_.jpg","567","Kindle Edition","9.99"
"Born Survivors","Wendy Holden","History","4.8","https://images-na.ssl-images-amazon.com/images/I/81zqOrCfkbL._UX300_PJku-sticker-v7,TopRight,0,-50_OU01__BG0,0,0,0_FMpng_AC_UL200_SR200,200_.jpg","1337","Kindle Edition","11.99"
"Man's Search for Meaning","Viktor E. Frankl","History","4.7","https://images-na.ssl-images-amazon.com/images/I/71OLtGMB0PL._AC_UL200_SR200,200_.jpg","4525","Paperback","7.36"
"Bury My Heart at Wounded Knee","Dee Brown","History","4.7","https://images-na.ssl-images-amazon.com/images/I/91SOkR8zoaL._UX300_PJku-sticker-v7,TopRight,0,-50_OU01__BG0,0,0,0_FMpng_AC_UL200_SR200,200_.jpg","1225","Kindle Edition","9.99"
"Five Presidents","Clint Hill","History","4.6","https://images-na.ssl-images-amazon.com/images/I/81XDguZCJgL._AC_UL200_SR200,200_.jpg","700","Paperback","10.96"
"The Negro Motorist Green-Book","Victor H. Green","History","4.7","https://images-na.ssl-images-amazon.com/images/I/516SpHCQjPL._AC_UL200_SR200,200_.jpg","148","Paperback","6.64"
"Sapiens","Yuval Noah Harari","History","4.5","https://images-na.ssl-images-amazon.com/images/I/71N3-FFSDxL._AC_UL200_SR200,200_.jpg","5603","Paperback","15.46"
"Victoria's Daughters","Jerrold M. Packard","History","4.2","https://images-na.ssl-images-amazon.com/images/I/61XwlLvoCKL.__BG0,0,0,0_FMpng_AC_UL200_SR200,200_.jpg","207","Kindle Edition","1.99"
"Say Nothing","Patrick Radden Keefe","History","4.6","https://images-na.ssl-images-amazon.com/images/I/A1GGRJkhHrL._AC_UL200_SR200,200_.jpg","6","Hardcover","17.41"
"What Would Mrs. Astor Do?","Cecelia Tichi","History","3.8","https://images-na.ssl-images-amazon.com/images/I/A1d-0Pn9CHL.__BG0,0,0,0_FMpng_AC_UL200_SR200,200_.jpg","11","Kindle Edition","0.83"
"Extreme Ownership","Jocko Willink","History","4.8","https://images-na.ssl-images-amazon.com/images/I/81yh8hnG99L._AC_UL200_SR200,200_.jpg","2585","Hardcover","15.35"
"The Library Book","Susan Orlean","History","4.2","https://images-na.ssl-images-amazon.com/images/I/91OME-jyFmL.__BG0,0,0,0_FMpng_AC_UL200_SR200,200_.jpg","459","Kindle Edition","14.99"
"1942","Winston Groom","History","4.6","https://images-na.ssl-images-amazon.com/images/I/818IN9haB0L._UX300_PJku-sticker-v7,TopRight,0,-50_OU01__BG0,0,0,0_FMpng_AC_UL200_SR200,200_.jpg","277","Kindle Edition","10.79"
"Seabiscuit","Laura Hillenbrand","History","4.8","https://images-na.ssl-images-amazon.com/images/I/91zfAkV2VBL.__BG0,0,0,0_FMpng_AC_UL200_SR200,200_.jpg","1440","Kindle Edition","2.99"
"The Forgotten 500","Gregory A. Freeman","History","4.6","https://images-na.ssl-images-amazon.com/images/I/91z1srlFL0L.__BG0,0,0,0_FMpng_AC_UL200_SR200,200_.jpg","1287","Kindle Edition","1.99"
"The Case for Trump","Victor Davis Hanson","History",NA,"https://images-na.ssl-images-amazon.com/images/I/51%2BLmBoUkHL._AC_UL200_SR200,200_.jpg",NA,"Hardcover","19.49"
"Sapiens","Yuval Noah Harari","History","4.5","https://images-na.ssl-images-amazon.com/images/I/71ZR6hn%2BGbL.__BG0,0,0,0_FMpng_AC_UL200_SR200,200_.jpg","5603","Kindle Edition","14.99"
"Spearhead","Adam Makos","History","4.9","https://images-na.ssl-images-amazon.com/images/I/91o6z7hkXVL._AC_UL200_SR200,200_.jpg","23","Hardcover","16.8"
"Queen of Scots","John Guy","History","4.3","https://images-na.ssl-images-amazon.com/images/I/81jR672AxxL._UX300_PJku-sticker-v7,TopRight,0,-50_OU01__BG0,0,0,0_FMpng_AC_UL200_SR200,200_.jpg","129","Kindle Edition","9.99"
"Five Presidents","Clint Hill","History","4.6","https://images-na.ssl-images-amazon.com/images/I/81XDguZCJgL.__BG0,0,0,0_FMpng_AC_UL200_SR200,200_.jpg","700","Kindle Edition","12.99"
"21 Lessons for the 21st Century","Yuval Noah Harari","History","4.2","https://images-na.ssl-images-amazon.com/images/I/71rF6pKZe5L._AC_UL200_SR200,200_.jpg","343","Audible Audiobook"," Free with Audible trial"
"Say Nothing","Patrick Radden Keefe","History","4.6","https://images-na.ssl-images-amazon.com/images/I/A1rMj%2BB-VQL.__BG0,0,0,0_FMpng_AC_UL200_SR200,200_.jpg","6","Kindle Edition","14.99"
"In the Closet of the Vatican","Frédéric Martel","History","3.5","https://images-na.ssl-images-amazon.com/images/I/81vKxroUx3L.__BG0,0,0,0_FMpng_AC_UL200_SR200,200_.jpg","27","Kindle Edition","9.03"
"The Fifth Risk","Michael Lewis","History","4.4","https://images-na.ssl-images-amazon.com/images/I/81Xvo-KiIkL.__BG0,0,0,0_FMpng_AC_UL200_SR200,200_.jpg","718","Kindle Edition","11.07"
"American Gospel","Jon Meacham","History","4.3","https://images-na.ssl-images-amazon.com/images/I/51SDyTdlnyL.__BG0,0,0,0_FMpng_AC_UL200_SR200,200_.jpg","220","Kindle Edition","2.99"
"The Roman Empire and the Silk Routes","Raoul McLaughlin","History","5.0","https://images-na.ssl-images-amazon.com/images/I/811vy8Lha1L.__BG0,0,0,0_FMpng_AC_UL200_SR200,200_.jpg","4","Kindle Edition","1.99"
"D DAY Through German Eyes - Book Two - More hidden stories from June 6th 1944 (D DAY - Through German Eyes)","Holger Eckhertz","History","4.6","https://images-na.ssl-images-amazon.com/images/I/81XuHXvjUFL._UX300_PJku-sticker-v7,TopRight,0,-50_OU01__BG0,0,0,0_FMpng_AC_UL200_SR200,200_.jpg","1298","Kindle Edition","2.99"
"Code Name","Larry Loftis","History","4.7","https://images-na.ssl-images-amazon.com/images/I/71X89nrP5rL.__BG0,0,0,0_FMpng_AC_UL200_SR200,200_.jpg","41","Kindle Edition","12.99"
"City of Scoundrels","Gary Krist","History","4.2","https://images-na.ssl-images-amazon.com/images/I/91dTQ7bdJBL.__BG0,0,0,0_FMpng_AC_UL200_SR200,200_.jpg","173","Kindle Edition","1.99"
"Astrophysics for People in a Hurry","Neil de Grasse Tyson","History","4.6","https://images-na.ssl-images-amazon.com/images/I/91ZCU63G3QL.__BG0,0,0,0_FMpng_AC_UL200_SR200,200_.jpg","3789","Kindle Edition","9.99"
"The Day the World Came to Town","Jim DeFede","History","4.6","https://images-na.ssl-images-amazon.com/images/I/81uvHnZykAL._UX300_PJku-sticker-v7,TopRight,0,-50_OU01__BG0,0,0,0_FMpng_AC_UL200_SR200,200_.jpg","1310","Kindle Edition","10.99"
"Boomerang","Michael Lewis","History","4.3","https://images-na.ssl-images-amazon.com/images/I/9197P6Wt7qL._UX300_PJku-sticker-v7,TopRight,0,-50_OU01__BG0,0,0,0_FMpng_AC_UL200_SR200,200_.jpg","1195","Kindle Edition","9.99"
"I Heard You Paint Houses","Charles Brandt","History","4.6","https://images-na.ssl-images-amazon.com/images/I/91G6Y8cuijL._AC_UL200_SR200,200_.jpg","920","Paperback","11.55"
"Alexander Hamilton","Ron Chernow","History","4.7","https://images-na.ssl-images-amazon.com/images/I/91jNtY0YjyL.__BG0,0,0,0_FMpng_AC_UL200_SR200,200_.jpg","4199","Kindle Edition","14.99"
"Five Presidents","Clint Hill","History","4.6","https://images-na.ssl-images-amazon.com/images/I/91s67JA5W2L._AC_UL200_SR200,200_.jpg","700","Audible Audiobook"," Free with Audible trial"
"The First Conspiracy","Brad Meltzer","History","4.1","https://images-na.ssl-images-amazon.com/images/I/81r6B3kLu-L.__BG0,0,0,0_FMpng_AC_UL200_SR200,200_.jpg","158","Kindle Edition","14.99"
"Homo Deus","Yuval Noah Harari","History","4.4","https://images-na.ssl-images-amazon.com/images/I/81mpU5GWymL._AC_UL200_SR200,200_.jpg","1360","Audible Audiobook"," Free with Audible trial"
"In the Closet of the Vatican","Frederic Martel","History","3.5","https://images-na.ssl-images-amazon.com/images/I/81JQ%2Bm9N6VL._AC_UL200_SR200,200_.jpg","27","Hardcover","18"
"Man's Search for Meaning","Viktor E. Frankl","History","4.7","https://images-na.ssl-images-amazon.com/images/I/71tdb1udZnL.__BG0,0,0,0_FMpng_AC_UL200_SR200,200_.jpg","4525","Kindle Edition","9.99"
"The Negro Travelers' Green Book","Victor H. Green","History","4.5","https://images-na.ssl-images-amazon.com/images/I/51X9EKw6CwL._AC_UL200_SR200,200_.jpg","68","Paperback","8.09"
"Killers of the Flower Moon","David Grann","History","4.6","https://images-na.ssl-images-amazon.com/images/I/81%2BCedEfV1L.__BG0,0,0,0_FMpng_AC_UL200_SR200,200_.jpg","3903","Kindle Edition","11.99"
"21 Lessons for the 21st Century","Yuval Noah Harari","History","4.2","https://images-na.ssl-images-amazon.com/images/I/81o9vblSjmL.__BG0,0,0,0_FMpng_AC_UL200_SR200,200_.jpg","343","Kindle Edition","13.99"
"Spearhead","Adam Makos","History","4.9","https://images-na.ssl-images-amazon.com/images/I/91o6z7hkXVL.__BG0,0,0,0_FMpng_AC_UL200_SR200,200_.jpg","23","Kindle Edition","13.99"
"Say Nothing","Patrick Radden Keefe","History","4.6","https://images-na.ssl-images-amazon.com/images/I/91s5M5m-geL._AC_UL200_SR200,200_.jpg","6","Audible Audiobook"," Free with Audible trial"
"Girl, Wash Your Face","Rachel Hollis","Religion","4.7","https://images-na.ssl-images-amazon.com/images/I/919fxlpMkyL._AC_UL200_SR200,200_.jpg","9426","Audible Audiobook"," Free with Audible trial"
"Girl, Stop Apologizing","Rachel Hollis","Religion",NA,"https://images-na.ssl-images-amazon.com/images/I/91ILDdvFJ4L._AC_UL200_SR200,200_.jpg",NA,"Hardcover","14.99"
"Girl, Wash Your Face","Rachel Hollis","Religion","4.7","https://images-na.ssl-images-amazon.com/images/I/91ibhD5nhUL._AC_UL200_SR200,200_.jpg","9426","Hardcover","13.79"
"Girl, Stop Apologizing (Audible Exclusive Edition)","Rachel Hollis","Religion",NA,"https://images-na.ssl-images-amazon.com/images/I/91ypbCUbVEL._AC_UL200_SR200,200_.jpg",NA,"Audible Audiobook"," Free with Audible trial"
"The Four Agreements","don Miguel Ruiz","Religion","4.6","https://images-na.ssl-images-amazon.com/images/I/61hO0qr0lQL._AC_UL200_SR200,200_.jpg","7576","Audible Audiobook"," Free with Audible trial"
"The Life-Changing Magic of Tidying Up","Marie Kondo","Religion","4.4","https://images-na.ssl-images-amazon.com/images/I/81l4YLSx36L._AC_UL200_SR200,200_.jpg","13910","Hardcover","5"
"Same Kind of Different As Me","Ron Hall","Religion","4.8","https://images-na.ssl-images-amazon.com/images/I/91lghxSydML._UX300_PJku-sticker-v7,TopRight,0,-50_OU01__BG0,0,0,0_FMpng_AC_UL200_SR200,200_.jpg","3144","Kindle Edition","9.99"
"The Miracle Morning","Hal Elrod","Religion","4.6","https://images-na.ssl-images-amazon.com/images/I/81Qc3T3YIsL._UX300_PJku-sticker-v7,TopRight,0,-50_OU01__BG0,0,0,0_FMpng_AC_UL200_SR200,200_.jpg","3450","Kindle Edition","9.97"
"The 5 Love Languages","Gary Chapman","Religion","4.8","https://images-na.ssl-images-amazon.com/images/I/51ItBwnbJ6L._AC_UL200_SR200,200_.jpg","14138","Paperback","9.39"
"The Four Agreements","Don Miguel Ruiz","Religion","4.6","https://images-na.ssl-images-amazon.com/images/I/91Rp%2By1ePrL._AC_UL200_SR200,200_.jpg","7576","Paperback","7.49"
"It's Not Supposed to Be This Way","Lysa TerKeurst","Religion","4.8","https://images-na.ssl-images-amazon.com/images/I/81ThXlXJqgL._AC_UL200_SR200,200_.jpg","391","Hardcover","14.99"
"The Lost Girls of Paris","Pam Jenoff","Religion","4.3","https://images-na.ssl-images-amazon.com/images/I/81pIX55W4mL.__BG0,0,0,0_FMpng_AC_UL200_SR200,200_.jpg","208","Kindle Edition","9.99"
"The Tattooist of Auschwitz","Heather Morris","Religion","4.6","https://images-na.ssl-images-amazon.com/images/I/816xs8KtuEL.__BG0,0,0,0_FMpng_AC_UL200_SR200,200_.jpg","1234","Kindle Edition","11.99"
"The Total Money Makeover","Dave Ramsey","Religion","4.7","https://images-na.ssl-images-amazon.com/images/I/51ZnWl2H2aL._AC_UL200_SR200,200_.jpg","6214","Audible Audiobook"," Free with Audible trial"
"Girl, Wash Your Face","Rachel Hollis","Religion","4.7","https://images-na.ssl-images-amazon.com/images/I/91FStYY4sML.__BG0,0,0,0_FMpng_AC_UL200_SR200,200_.jpg","9426","Kindle Edition","12.99"
"The 5 Love Languages","Gary Chapman","Religion","4.8","https://images-na.ssl-images-amazon.com/images/I/81fA-i7ednL.__BG0,0,0,0_FMpng_AC_UL200_SR200,200_.jpg","14138","Kindle Edition","6.67"
"The Life-Changing Magic of Tidying Up","Marie Kondo","Religion","4.4","https://images-na.ssl-images-amazon.com/images/I/A1Iou9K8hdL._AC_UL200_SR200,200_.jpg","13910","Audible Audiobook"," Free with Audible trial"
"Life Before Life","Jim B. Tucker","Religion","4.1","https://images-na.ssl-images-amazon.com/images/I/41fdNkhXWxL.__BG0,0,0,0_FMpng_AC_UL200_SR200,200_.jpg","170","Kindle Edition","1.99"
"Man's Search for Meaning","Viktor E. Frankl","Religion","4.7","https://images-na.ssl-images-amazon.com/images/I/71OLtGMB0PL._AC_UL200_SR200,200_.jpg","4525","Paperback","7.36"
"Milk and Honey","Rupi Kaur","Religion","4.6","https://images-na.ssl-images-amazon.com/images/I/71l9WWa-rXL._UX300_PJku-sticker-v7,TopRight,0,-50_OU01__BG0,0,0,0_FMpng_AC_UL200_SR200,200_.jpg","6303","Kindle Edition","7.99"
"The Five Love Languages","Gary Chapman","Religion","4.8","https://images-na.ssl-images-amazon.com/images/I/51WwBKC6X%2BL._AC_UL200_SR200,200_.jpg","14138","Audible Audiobook"," Free with Audible trial"
"The Tattooist of Auschwitz","Heather Morris","Religion","4.6","https://images-na.ssl-images-amazon.com/images/I/91RRIs2ihuL._AC_UL200_SR200,200_.jpg","1234","Audible Audiobook"," Free with Audible trial"
"The Power of Now","Eckhart Tolle","Religion","4.6","https://images-na.ssl-images-amazon.com/images/I/51e6i6sF9wL._AC_UL200_SR200,200_.jpg","5839","Audible Audiobook"," Free with Audible trial"
"Stress Less, Accomplish More","Emily Fletcher","Religion","5.0","https://images-na.ssl-images-amazon.com/images/I/717YOlKa1HL._AC_UL200_SR200,200_.jpg","77","Hardcover","16.19"
"It's Not Supposed to Be This Way","Lysa TerKeurst","Religion","4.8","https://images-na.ssl-images-amazon.com/images/I/81SEcvfK7QL._AC_UL200_SR200,200_.jpg","391","Audible Audiobook"," Free with Audible trial"
"Stress Less, Accomplish More","Emily Fletcher","Religion","5.0","https://images-na.ssl-images-amazon.com/images/I/71r4OkHna%2BL._AC_UL200_SR200,200_.jpg","77","Audible Audiobook"," Free with Audible trial"
"When I Pray for You","Matthew Paul Turner","Religion","4.9","https://images-na.ssl-images-amazon.com/images/I/A1qZ9BL2LtL._AC_UL200_SR200,200_.jpg","119","Hardcover","8.54"
"Attempt to Locate (Lantern Beach P.D. Book 2)","Christy Barritt","Religion","5.0","https://images-na.ssl-images-amazon.com/images/I/814EGMLQm1L._UX300_PJku-sticker-v7,TopRight,0,-50_OU01__BG0,0,0,0_FMpng_AC_UL200_SR200,200_.jpg","12","Kindle Edition","0.99"
"The Tattooist of Auschwitz","Heather Morris","Religion","4.6","https://images-na.ssl-images-amazon.com/images/I/81XAhkfzn-L._AC_UL200_SR200,200_.jpg","1234","Paperback","10.43"
"The Complete Holy Bible - KJV","Topics Media Group","Religion","4.5","https://images-na.ssl-images-amazon.com/images/I/91OMNpY0wsL._AC_UL200_SR200,200_.jpg","1510","Audible Audiobook"," Free with Audible trial"
"Call the Nurse","Mary J MacLeod","Religion","4.4","https://images-na.ssl-images-amazon.com/images/I/81kUwR1z0aL.__BG0,0,0,0_FMpng_AC_UL200_SR200,200_.jpg","1317","Kindle Edition","1.99"
"The Total Money Makeover","Dave Ramsey","Religion","4.7","https://images-na.ssl-images-amazon.com/images/I/512RzrzTb0L._AC_UL200_SR200,200_.jpg","6214","Hardcover","16.19"
"Man's Search for Meaning","Viktor E. Frankl","Religion","4.7","https://images-na.ssl-images-amazon.com/images/I/51Qbao88shL._AC_UL200_SR200,200_.jpg","4525","Audible Audiobook"," Free with Audible trial"
"Justice Comes Home (The Texas Riders Western) (A Western Frontier Fiction)","Joseph Powell","Religion","4.3","https://images-na.ssl-images-amazon.com/images/I/A1SpgXhnecL._UX300_PJku-sticker-v7,TopRight,0,-50_OU01__BG0,0,0,0_FMpng_AC_UL200_SR200,200_.jpg","46","Kindle Edition","0.99"
"Willow Falls (Matt Bannister Western Book 1)","Ken Pratt","Religion","4.3","https://images-na.ssl-images-amazon.com/images/I/91OxLEFtJcL._UX300_PJku-sticker-v7,TopRight,0,-50_OU01__BG0,0,0,0_FMpng_AC_UL200_SR200,200_.jpg","256","Kindle Edition","0.99"
"The Lost Letter","Jillian Cantor","Religion","4.7","https://images-na.ssl-images-amazon.com/images/I/81JL6Ws57DL.__BG0,0,0,0_FMpng_AC_UL200_SR200,200_.jpg","186","Kindle Edition","1.99"
"Secret Sweetheart (Quinn Valley Ranch Book 11)","Liz Isaacson","Religion","4.7","https://images-na.ssl-images-amazon.com/images/I/81QAw4n5vYL._UX300_PJku-sticker-v7,TopRight,0,-50_OU01__BG0,0,0,0_FMpng_AC_UL200_SR200,200_.jpg","29","Kindle Edition","2.99"
"The Life-Changing Magic of Tidying Up","Marie Kondo","Religion","4.4","https://images-na.ssl-images-amazon.com/images/I/81l4YLSx36L.__BG0,0,0,0_FMpng_AC_UL200_SR200,200_.jpg","13910","Kindle Edition","9.99"
"Spark Joy","Marie Kondo","Religion","4.6","https://images-na.ssl-images-amazon.com/images/I/81KZfaBgDDL._AC_UL200_SR200,200_.jpg","1148","Hardcover","13.29"
"We Were the Lucky Ones","Georgia Hunter","Religion","4.8","https://images-na.ssl-images-amazon.com/images/I/91p0SdYseNL.__BG0,0,0,0_FMpng_AC_UL200_SR200,200_.jpg","1955","Kindle Edition","10.99"
"The Alchemist","Paulo Coelho","Religion","4.6","https://images-na.ssl-images-amazon.com/images/I/415mwgZ7kSL._AC_UL200_SR200,200_.jpg","12290","Audible Audiobook"," Free with Audible trial"
"The Power of Now","Eckhart Tolle","Religion","4.6","https://images-na.ssl-images-amazon.com/images/I/41WIbflfG2L._AC_UL200_SR200,200_.jpg","5839","Paperback","9.49"
"The Truth About Men","DeVon Franklin","Religion","4.6","https://images-na.ssl-images-amazon.com/images/I/91zK6QZ-HvL._AC_UL200_SR200,200_.jpg","30","Audible Audiobook"," Free with Audible trial"
"Daring Greatly","Brené Brown","Religion","4.7","https://images-na.ssl-images-amazon.com/images/I/81LtNi5LpAL._AC_UL200_SR200,200_.jpg","3140","Audible Audiobook"," Free with Audible trial"
"Spark Joy","Marie Kondo","Religion","4.6","https://images-na.ssl-images-amazon.com/images/I/81cAq3xWUsL.__BG0,0,0,0_FMpng_AC_UL200_SR200,200_.jpg","1148","Kindle Edition","11.99"
"How to Change Your Mind","Michael Pollan","Religion","4.6","https://images-na.ssl-images-amazon.com/images/I/81zn1eo2loL._AC_UL200_SR200,200_.jpg","387","Audible Audiobook"," Free with Audible trial"
"Jesus Calling","Sarah Young","Religion","4.9","https://images-na.ssl-images-amazon.com/images/I/51CiLSg0gAL._AC_UL200_SR200,200_.jpg","17515","Hardcover","8.49"
"The Gifts of Imperfection","Brené Brown","Religion","4.6","https://images-na.ssl-images-amazon.com/images/I/71aHmBv498L._AC_UL200_SR200,200_.jpg","3947","Paperback","11.59"
"A New Earth","Eckhart Tolle","Religion","4.6","https://images-na.ssl-images-amazon.com/images/I/810F93f0yXL._AC_UL200_SR200,200_.jpg","4113","Paperback","12.99"
"Divine Intervention","Hope Callaghan","Religion","4.8","https://images-na.ssl-images-amazon.com/images/I/91kXBIocRSL._UX300_PJku-sticker-v7,TopRight,0,-50_OU01__BG0,0,0,0_FMpng_AC_UL200_SR200,200_.jpg","180","Kindle Edition","2.99"
"Head Strong","Dave Asprey","Science & Math","4.6","https://images-na.ssl-images-amazon.com/images/I/81WLSyKupGL._AC_UL200_SR200,200_.jpg","512","Audible Audiobook"," Free with Audible trial"
"12 Rules for Life","Jordan B. Peterson","Science & Math","4.6","https://images-na.ssl-images-amazon.com/images/I/71rHUnSgIvL._AC_UL200_SR200,200_.jpg","4560","Audible Audiobook"," Free with Audible trial"
"Sapiens","Yuval Noah Harari","Science & Math","4.5","https://images-na.ssl-images-amazon.com/images/I/81tPEe0egBL._AC_UL200_SR200,200_.jpg","5603","Audible Audiobook"," Free with Audible trial"
"The Neuroscientist Who Lost Her Mind","Barbara K. Lipska","Science & Math","4.4","https://images-na.ssl-images-amazon.com/images/I/91I4EZj8vaL._UX300_PJku-sticker-v7,TopRight,0,-50_OU01__BG0,0,0,0_FMpng_AC_UL200_SR200,200_.jpg","100","Kindle Edition","12.99"
"The Uninhabitable Earth","David Wallace-Wells","Science & Math","4.4","https://images-na.ssl-images-amazon.com/images/I/51q0y7jEqRL._AC_UL200_SR200,200_.jpg","12","Hardcover","16.2"
"Notes from New Zealand","Edward Kanze","Science & Math","4.7","https://images-na.ssl-images-amazon.com/images/I/61fqdleip0L.__BG0,0,0,0_FMpng_AC_UL200_SR200,200_.jpg","5","Kindle Edition","1.99"
"I Contain Multitudes","Ed Yong","Science & Math","4.7","https://images-na.ssl-images-amazon.com/images/I/91S5gPciXJL._AC_UL200_SR200,200_.jpg","316","Audible Audiobook"," Free with Audible trial"
"A Brief History of Everyone Who Ever Lived","Adam Rutherford","Science & Math","4.1","https://images-na.ssl-images-amazon.com/images/I/81szbRTMd4L._UX300_PJku-sticker-v7,TopRight,0,-50_OU01__BG0,0,0,0_FMpng_AC_UL200_SR200,200_.jpg","230","Kindle Edition","9.04"
"Thinking, Fast and Slow","Daniel Kahneman","Science & Math","4.5","https://images-na.ssl-images-amazon.com/images/I/81ymtzgBD9L._AC_UL200_SR200,200_.jpg","3072","Audible Audiobook"," Free with Audible trial"
"Sapiens","Yuval Noah Harari","Science & Math","4.5","https://images-na.ssl-images-amazon.com/images/I/71N3-FFSDxL._AC_UL200_SR200,200_.jpg","5603","Paperback","15.46"
"The Uninhabitable Earth","David Wallace-Wells","Science & Math","4.4","https://images-na.ssl-images-amazon.com/images/I/71IZCCbZvyL.__BG0,0,0,0_FMpng_AC_UL200_SR200,200_.jpg","12","Kindle Edition","13.99"
"Black Holes and Baby Universes","Stephen Hawking","Science & Math","4.4","https://images-na.ssl-images-amazon.com/images/I/51gAIhg5%2BtL.__BG0,0,0,0_FMpng_AC_UL200_SR200,200_.jpg","82","Kindle Edition","3.99"
"The Undoing Project","Michael Lewis","Science & Math","4.2","https://images-na.ssl-images-amazon.com/images/I/71eVtcZlPPL._UX300_PJku-sticker-v7,TopRight,0,-50_OU01__BG0,0,0,0_FMpng_AC_UL200_SR200,200_.jpg","1381","Kindle Edition","9.61"
"Sapiens","Yuval Noah Harari","Science & Math","4.5","https://images-na.ssl-images-amazon.com/images/I/71ZR6hn%2BGbL.__BG0,0,0,0_FMpng_AC_UL200_SR200,200_.jpg","5603","Kindle Edition","14.99"
"Feeding You Lies","Vani Hari","Science & Math","4.9","https://images-na.ssl-images-amazon.com/images/I/71jr3V089BL._AC_UL200_SR200,200_.jpg","82","Hardcover","16.79"
"Digital Minimalism","Cal Newport","Science & Math","4.5","https://images-na.ssl-images-amazon.com/images/I/81K12jWK7-L.__BG0,0,0,0_FMpng_AC_UL200_SR200,200_.jpg","54","Kindle Edition","13.99"
"Digital Minimalism","Cal Newport","Science & Math","4.5","https://images-na.ssl-images-amazon.com/images/I/919gg66Nx-L._AC_UL200_SR200,200_.jpg","54","Audible Audiobook"," Free with Audible trial"
"Digital Minimalism","Cal Newport","Science & Math","4.5","https://images-na.ssl-images-amazon.com/images/I/81K12jWK7-L._AC_UL200_SR200,200_.jpg","54","Hardcover","15.6"
"Outliers","Malcolm Gladwell","Science & Math","4.6","https://images-na.ssl-images-amazon.com/images/I/61jTKFVrRnL._AC_UL200_SR200,200_.jpg","5147","Audible Audiobook"," Free with Audible trial"
"Astrophysics for People in a Hurry","Neil de Grasse Tyson","Science & Math","4.6","https://images-na.ssl-images-amazon.com/images/I/91ZCU63G3QL.__BG0,0,0,0_FMpng_AC_UL200_SR200,200_.jpg","3789","Kindle Edition","9.99"
"Misbehaving","Richard H. Thaler","Science & Math","4.4","https://images-na.ssl-images-amazon.com/images/I/81%2BN1JnGx9L._UX300_PJku-sticker-v7,TopRight,0,-50_OU01__BG0,0,0,0_FMpng_AC_UL200_SR200,200_.jpg","404","Kindle Edition","10.61"
"The Plant Paradox Quick and Easy","Dr. Steven R Gundry M.D.","Science & Math","4.0","https://images-na.ssl-images-amazon.com/images/I/71BJlfO2ZqL._AC_UL200_SR200,200_.jpg","35","Paperback","12.78"
"The Truth About Men","DeVon Franklin","Science & Math","4.6","https://images-na.ssl-images-amazon.com/images/I/81wvfiSa5nL._AC_UL200_SR200,200_.jpg","30","Hardcover","15.6"
"There's No Place Like Space","Tish Rabe","Science & Math","4.7","https://images-na.ssl-images-amazon.com/images/I/91BdqQL%2BuJL._AC_UL200_SR200,200_.jpg","801","Hardcover","6"
"Thinking, Fast and Slow","Daniel Kahneman","Science & Math","4.5","https://images-na.ssl-images-amazon.com/images/I/51oXKWrcYYL._AC_UL200_SR200,200_.jpg","3072","Paperback","9.49"
"The Untethered Soul","Michael A. Singer","Science & Math","4.7","https://images-na.ssl-images-amazon.com/images/I/61iqFXsfUkL._AC_UL200_SR200,200_.jpg","4872","Paperback","16.16"
"The Uninhabitable Earth","David Wallace-Wells","Science & Math","4.4","https://images-na.ssl-images-amazon.com/images/I/71Hv8gqWJOL._AC_UL200_SR200,200_.jpg","12","Audible Audiobook"," Free with Audible trial"
"The Untethered Soul","Michael A. Singer","Science & Math","4.7","https://images-na.ssl-images-amazon.com/images/I/91k3XdhRfPL._AC_UL200_SR200,200_.jpg","4872","Audible Audiobook"," Free with Audible trial"
"Astrophysics for People in a Hurry","Neil deGrasse Tyson","Science & Math","4.6","https://images-na.ssl-images-amazon.com/images/I/A1PnnHu0ZXL._AC_UL200_SR200,200_.jpg","3789","Audible Audiobook"," Free with Audible trial"
"How to Raise a Wild Child","Scott D. Sampson","Science & Math","4.4","https://images-na.ssl-images-amazon.com/images/I/91ngIWA3S3L._UX300_PJku-sticker-v7,TopRight,0,-50_OU01__BG0,0,0,0_FMpng_AC_UL200_SR200,200_.jpg","65","Kindle Edition","11.99"
"Homo Deus","Yuval Noah Harari","Science & Math","4.4","https://images-na.ssl-images-amazon.com/images/I/81mpU5GWymL._AC_UL200_SR200,200_.jpg","1360","Audible Audiobook"," Free with Audible trial"
"Grit","Angela Duckworth","Science & Math","4.5","https://images-na.ssl-images-amazon.com/images/I/81HofIG4iiL._AC_UL200_SR200,200_.jpg","1144","Audible Audiobook"," Free with Audible trial"
"The Hacking of the American Mind","Robert H. Lustig","Science & Math","4.6","https://images-na.ssl-images-amazon.com/images/I/81y5%2BHyBd7L.__BG0,0,0,0_FMpng_AC_UL200_SR200,200_.jpg","137","Kindle Edition","12.99"
"The Body Keeps the Score","Bessel Van der Kolk MD","Science & Math","4.8","https://images-na.ssl-images-amazon.com/images/I/81alkhJhL%2BL._AC_UL200_SR200,200_.jpg","1866","Audible Audiobook"," Free with Audible trial"
"The Power of Habit","Charles Duhigg","Science & Math","4.5","https://images-na.ssl-images-amazon.com/images/I/819ZixpQzUL._AC_UL200_SR200,200_.jpg","4832","Paperback","12.75"
"Grit","Angela Duckworth","Science & Math","4.5","https://images-na.ssl-images-amazon.com/images/I/71%2B7ZRI3y6L._AC_UL200_SR200,200_.jpg","1144","Paperback","9.89"
"The Happiness Hypothesis","Jonathan Haidt","Science & Math","4.5","https://images-na.ssl-images-amazon.com/images/I/71fizkn%2B49L._AC_UL200_SR200,200_.jpg","538","Audible Audiobook"," Free with Audible trial"
"The Untethered Soul","Michael A. Singer","Science & Math","4.7","https://images-na.ssl-images-amazon.com/images/I/61-evUpRc3L.__BG0,0,0,0_FMpng_AC_UL200_SR200,200_.jpg","4872","Kindle Edition","9.99"
"Astrophysics for People in a Hurry","Neil deGrasse Tyson","Science & Math","4.6","https://images-na.ssl-images-amazon.com/images/I/91w70Ax2LhL._AC_UL200_SR200,200_.jpg","3789","Hardcover","13.26"
"No-Drama Discipline","Daniel J. Siegel","Science & Math","4.6","https://images-na.ssl-images-amazon.com/images/I/71mx4AuVJUL._AC_UL200_SR200,200_.jpg","429","Paperback","10.87"
"Lost Connections","Johann Hari","Science & Math","4.2","https://images-na.ssl-images-amazon.com/images/I/81fM85BRT7L._AC_UL200_SR200,200_.jpg","301","Audible Audiobook"," Free with Audible trial"
"Mama's Last Hug","Frans de Waal","Science & Math","5.0","https://images-na.ssl-images-amazon.com/images/I/718dcDbXhlL._AC_UL200_SR200,200_.jpg","1","Hardcover","18.27"
"Attached","Amir Levine","Science & Math","4.7","https://images-na.ssl-images-amazon.com/images/I/41cjklJxYCL.__BG0,0,0,0_FMpng_AC_UL200_SR200,200_.jpg","1054","Kindle Edition","1.99"
"Quiet","Susan Cain","Science & Math","4.5","https://images-na.ssl-images-amazon.com/images/I/81vOO4hRh0L._AC_UL200_SR200,200_.jpg","5625","Paperback","12.89"
"Outliers","Malcolm Gladwell","Science & Math","4.6","https://images-na.ssl-images-amazon.com/images/I/71GLAwC9cPL._AC_UL200_SR200,200_.jpg","5147","Paperback","9.89"
"The Beekeeper's Lament","Hannah Nordhaus","Science & Math","4.5","https://images-na.ssl-images-amazon.com/images/I/5152qAZ7ZJL._UX300_PJku-sticker-v7,TopRight,0,-50_OU01__BG0,0,0,0_FMpng_AC_UL200_SR200,200_.jpg","151","Kindle Edition","1.99"
"A Short History of Nearly Everything","Bill Bryson","Science & Math","4.6","https://images-na.ssl-images-amazon.com/images/I/41683MVxHFL._AC_UL200_SR200,200_.jpg","2811","Audible Audiobook"," Free with Audible trial"
"Algorithms to Live By","Brian Christian","Science & Math","4.5","https://images-na.ssl-images-amazon.com/images/I/815yyvU1WvL._AC_UL200_SR200,200_.jpg","285","Audible Audiobook"," Free with Audible trial"
"Attached","Amir Levine","Science & Math","4.7","https://images-na.ssl-images-amazon.com/images/I/7132j7rE13L._AC_UL200_SR200,200_.jpg","1054","Paperback","10.84"
"Why We Sleep","Matthew Walker PhD","Science & Math","4.7","https://images-na.ssl-images-amazon.com/images/I/81puhCkxpbL._AC_UL200_SR200,200_.jpg","472","Paperback","11.55"
"Where the Forest Meets the Stars","Glendy Vanderah","Literature & Fiction","4.7","https://images-na.ssl-images-amazon.com/images/I/918hXn4Uy1L.__BG0,0,0,0_FMpng_AC_UL200_SR200,200_.jpg","1231","Kindle Edition","4.99"
"What the Wind Knows","Amy Harmon","Literature & Fiction","4.8","https://images-na.ssl-images-amazon.com/images/I/81dmFh6wwIL.__BG0,0,0,0_FMpng_AC_UL200_SR200,200_.jpg","574","Kindle Edition","4.99"
"The Beach House","Mary Alice Monroe","Literature & Fiction","4.6","https://images-na.ssl-images-amazon.com/images/I/91GU8k9lXML._UX300_PJku-sticker-v7,TopRight,0,-50_OU01__BG0,0,0,0_FMpng_AC_UL200_SR200,200_.jpg","2385","Kindle Edition","6.99"
"The Perfect Child","Lucinda Berry","Literature & Fiction","4.1","https://images-na.ssl-images-amazon.com/images/I/81d9VVIof9L.__BG0,0,0,0_FMpng_AC_UL200_SR200,200_.jpg","692","Kindle Edition","4.99"
"Where the Crawdads Sing","Delia Owens","Literature & Fiction","4.8","https://images-na.ssl-images-amazon.com/images/I/81WWiiLgEyL.__BG0,0,0,0_FMpng_AC_UL200_SR200,200_.jpg","5496","Kindle Edition","12.99"
"Surprise Delivery","R.R. Banks","Literature & Fiction","4.3","https://images-na.ssl-images-amazon.com/images/I/81Fkeqfu4cL._UX300_PJku-sticker-v7,TopRight,0,-50_OU01__BG0,0,0,0_FMpng_AC_UL200_SR200,200_.jpg","159","Kindle Edition","0.99"
"Beneath a Scarlet Sky","Mark Sullivan","Literature & Fiction","4.8","https://images-na.ssl-images-amazon.com/images/I/81wRnKbEwlL._UX300_PJku-sticker-v7,TopRight,0,-50_OU01__BG0,0,0,0_FMpng_AC_UL200_SR200,200_.jpg","23877","Kindle Edition","2.49"
"What We Find (Sullivan's Crossing Book 1)","Robyn Carr","Literature & Fiction","4.6","https://images-na.ssl-images-amazon.com/images/I/91609kr9cQL._UX300_PJku-sticker-v7,TopRight,0,-50_OU01__BG0,0,0,0_FMpng_AC_UL200_SR200,200_.jpg","597","Kindle Edition","7.99"
"The Beantown Girls","Jane Healey","Literature & Fiction","4.7","https://images-na.ssl-images-amazon.com/images/I/91lxhcUM91L._UX300_PJku-sticker-v7,TopRight,0,-50_OU01__BG0,0,0,0_FMpng_AC_UL200_SR200,200_.jpg","352","Kindle Edition","3.99"
"The Strange Journey of Alice Pendelbury","Marc Levy","Literature & Fiction","4.5","https://images-na.ssl-images-amazon.com/images/I/91TqbVPIUKL._UX300_PJku-sticker-v7,TopRight,0,-50_OU01__BG0,0,0,0_FMpng_AC_UL200_SR200,200_.jpg","76","Kindle Edition","4.99"
"Where the Crawdads Sing","Delia Owens","Literature & Fiction","4.8","https://images-na.ssl-images-amazon.com/images/I/81vFpi2fIWL._AC_UL200_SR200,200_.jpg","5496","Audible Audiobook"," Free with Audible trial"
"The Victory Garden","Rhys Bowen","Literature & Fiction","4.4","https://images-na.ssl-images-amazon.com/images/I/918FZVINhfL._UX300_PJku-sticker-v7,TopRight,0,-50_OU01__BG0,0,0,0_FMpng_AC_UL200_SR200,200_.jpg","149","Kindle Edition","5.99"
"The Killer Collective","Barry Eisler","Literature & Fiction","4.4","https://images-na.ssl-images-amazon.com/images/I/91jPmMqEInL._UX300_PJku-sticker-v7,TopRight,0,-50_OU01__BG0,0,0,0_FMpng_AC_UL200_SR200,200_.jpg","1271","Kindle Edition","4.99"
"Harry Potter and the Sorcerer's Stone","J.K. Rowling","Literature & Fiction","4.8","https://images-na.ssl-images-amazon.com/images/I/91G2aMQuu9L._UX300_PJku-sticker-v7,TopRight,0,-50_OU01__BG0,0,0,0_FMpng_AC_UL200_SR200,200_.jpg","35371","Kindle Edition","8.99"
"Jane Doe","Victoria Helen Stone","Literature & Fiction","4.6","https://images-na.ssl-images-amazon.com/images/I/91Nj40jVd6L._AC_UL200_SR200,200_.jpg","666","Audible Audiobook"," Free with Audible trial"
"A Killer's Mind (Zoe Bentley Mystery Book 1)","Mike Omer","Literature & Fiction","4.6","https://images-na.ssl-images-amazon.com/images/I/A1T-Bwe%2BwzL._UX300_PJku-sticker-v7,TopRight,0,-50_OU01__BG0,0,0,0_FMpng_AC_UL200_SR200,200_.jpg","4438","Kindle Edition","5.99"
"Sidney Chambers and The Shadow of Death","James Runcie","Literature & Fiction","4.3","https://images-na.ssl-images-amazon.com/images/I/81IC%2Bgf1ulL.__BG0,0,0,0_FMpng_AC_UL200_SR200,200_.jpg","434","Kindle Edition","0.99"
"The Fever King (Feverwake Book 1)","Victoria Lee","Literature & Fiction","4.2","https://images-na.ssl-images-amazon.com/images/I/91vG0-2DJfL.__BG0,0,0,0_FMpng_AC_UL200_SR200,200_.jpg","83","Kindle Edition","4.99"
"Where the Crawdads Sing","Delia Owens","Literature & Fiction","4.8","https://images-na.ssl-images-amazon.com/images/I/81WWiiLgEyL._AC_UL200_SR200,200_.jpg","5496","Hardcover","16.2"
"The Orphan Sisters","Shirley Dickson","Literature & Fiction","4.7","https://images-na.ssl-images-amazon.com/images/I/81cevuH1GsL.__BG0,0,0,0_FMpng_AC_UL200_SR200,200_.jpg","76","Kindle Edition","2.99"
"The Vegetarian","Han Kang","Literature & Fiction","3.5","https://images-na.ssl-images-amazon.com/images/I/81o89Z7KywL.__BG0,0,0,0_FMpng_AC_UL200_SR200,200_.jpg","565","Kindle Edition","1.99"
"The Handmaid's Tale","Margaret Atwood","Literature & Fiction","4.1","https://images-na.ssl-images-amazon.com/images/I/91XT4tkFFeL._UX300_PJku-sticker-v7,TopRight,0,-50_OU01__BG0,0,0,0_FMpng_AC_UL200_SR200,200_.jpg","13975","Kindle Edition","9.99"
"The Secret Orphan","Glynis Peters","Literature & Fiction","4.5","https://images-na.ssl-images-amazon.com/images/I/81-oVIBpZvL.__BG0,0,0,0_FMpng_AC_UL200_SR200,200_.jpg","228","Kindle Edition","0.99"
"The Magnolia Inn","Carolyn Brown","Literature & Fiction","4.4","https://images-na.ssl-images-amazon.com/images/I/91mVAN9nCCL._UX300_PJku-sticker-v7,TopRight,0,-50_OU01__BG0,0,0,0_FMpng_AC_UL200_SR200,200_.jpg","854","Kindle Edition","4.99"
"Mr Spencer","T L Swan","Literature & Fiction","4.9","https://images-na.ssl-images-amazon.com/images/I/81ucxnddv7L._UX300_PJku-sticker-v7,TopRight,0,-50_OU01__BG0,0,0,0_FMpng_AC_UL200_SR200,200_.jpg","137","Kindle Edition","0.99"
"The Tuscan Child","Rhys Bowen","Literature & Fiction","4.3","https://images-na.ssl-images-amazon.com/images/I/A1N-T4j4hBL._UX300_PJku-sticker-v7,TopRight,0,-50_OU01__BG0,0,0,0_FMpng_AC_UL200_SR200,200_.jpg","3281","Kindle Edition","2.49"
"In Farleigh Field","Rhys Bowen","Literature & Fiction","4.2","https://images-na.ssl-images-amazon.com/images/I/91VOdSaTwjL._UX300_PJku-sticker-v7,TopRight,0,-50_OU01__BG0,0,0,0_FMpng_AC_UL200_SR200,200_.jpg","4853","Kindle Edition","1.99"
"The Storyteller's Secret","Sejal Badani","Literature & Fiction","4.8","https://images-na.ssl-images-amazon.com/images/I/91lUuLjF38L._UX300_PJku-sticker-v7,TopRight,0,-50_OU01__BG0,0,0,0_FMpng_AC_UL200_SR200,200_.jpg","5772","Kindle Edition","4.99"
"Winter Cottage","Mary Ellen Taylor","Literature & Fiction","4.6","https://images-na.ssl-images-amazon.com/images/I/91ME3PUN8RL._UX300_PJku-sticker-v7,TopRight,0,-50_OU01__BG0,0,0,0_FMpng_AC_UL200_SR200,200_.jpg","248","Kindle Edition","4.99"
"The Forgotten Hours","Katrin Schumann","Literature & Fiction","4.2","https://images-na.ssl-images-amazon.com/images/I/81H9wWWvPoL._UX300_PJku-sticker-v7,TopRight,0,-50_OU01__BG0,0,0,0_FMpng_AC_UL200_SR200,200_.jpg","738","Kindle Edition","4.99"
"Tumble (Dogwood Lane Book 1)","Adriana Locke","Literature & Fiction","4.4","https://images-na.ssl-images-amazon.com/images/I/81WsF7FVfTL._UX300_PJku-sticker-v7,TopRight,0,-50_OU01__BG0,0,0,0_FMpng_AC_UL200_SR200,200_.jpg","63","Kindle Edition","3.99"
"Beauty and the Billionaire","Lauren Landish","Literature & Fiction","4.5","https://images-na.ssl-images-amazon.com/images/I/91c8hhY%2Bb5L._UX300_PJku-sticker-v7,TopRight,0,-50_OU01__BG0,0,0,0_FMpng_AC_UL200_SR200,200_.jpg","199","Kindle Edition","2.99"
"Brain Dead","Eileen Dreyer","Literature & Fiction","4.0","https://images-na.ssl-images-amazon.com/images/I/71Mqn-uaZ-L._UX300_PJku-sticker-v7,TopRight,0,-50_OU01__BG0,0,0,0_FMpng_AC_UL200_SR200,200_.jpg","242","Kindle Edition","0.99"
"Inevitable","C.J. Petit","Literature & Fiction","4.7","https://images-na.ssl-images-amazon.com/images/I/61VPhR5TVHL._UX300_PJku-sticker-v7,TopRight,0,-50_OU01__BG0,0,0,0_FMpng_AC_UL200_SR200,200_.jpg","64","Kindle Edition","0.99"
"Girls of Glass","Brianna Labuskes","Literature & Fiction","4.3","https://images-na.ssl-images-amazon.com/images/I/915oI15-vpL._UX300_PJku-sticker-v7,TopRight,0,-50_OU01__BG0,0,0,0_FMpng_AC_UL200_SR200,200_.jpg","431","Kindle Edition","5.99"
"The Cleaner (John Milton Series Book 1)","Mark Dawson","Literature & Fiction","3.9","https://images-na.ssl-images-amazon.com/images/I/81UhFsiwxcL._UX300_PJku-sticker-v7,TopRight,0,-50_OU01__BG0,0,0,0_FMpng_AC_UL200_SR200,200_.jpg","1248","Kindle Edition","3.99"
"Still Not Love","Nicole Snow","Literature & Fiction","4.7","https://images-na.ssl-images-amazon.com/images/I/81EQ-wz6MdL._UX300_PJku-sticker-v7,TopRight,0,-50_OU01__BG0,0,0,0_FMpng_AC_UL200_SR200,200_.jpg","233","Kindle Edition","2.99"
"American Gods","Neil Gaiman","Literature & Fiction","4.4","https://images-na.ssl-images-amazon.com/images/I/816JHkxD9ZL.__BG0,0,0,0_FMpng_AC_UL200_SR200,200_.jpg","6584","Kindle Edition","9.99"
"Bound To His Bride","Madison Faye","Literature & Fiction","4.8","https://images-na.ssl-images-amazon.com/images/I/81eXkoJopwL._UX300_PJku-sticker-v7,TopRight,0,-50_OU01__BG0,0,0,0_FMpng_AC_UL200_SR200,200_.jpg","59","Kindle Edition","0.99"
"Hate Notes","Vi Keeland","Literature & Fiction","4.6","https://images-na.ssl-images-amazon.com/images/I/81eca-W6PxL._UX300_PJku-sticker-v7,TopRight,0,-50_OU01__BG0,0,0,0_FMpng_AC_UL200_SR200,200_.jpg","2907","Kindle Edition","1.99"
"Covet","Ella James","Literature & Fiction","4.7","https://images-na.ssl-images-amazon.com/images/I/71LS-wi4EPL._UX300_PJku-sticker-v7,TopRight,0,-50_OU01__BG0,0,0,0_FMpng_AC_UL200_SR200,200_.jpg","40","Kindle Edition","2.99"
"Married to the Enemy","R.S. Lively","Literature & Fiction","4.5","https://images-na.ssl-images-amazon.com/images/I/81Y5aZ2frVL._UX300_PJku-sticker-v7,TopRight,0,-50_OU01__BG0,0,0,0_FMpng_AC_UL200_SR200,200_.jpg","133","Kindle Edition","0.99"
"Eleanor Oliphant Is Completely Fine","Gail Honeyman","Literature & Fiction","4.6","https://images-na.ssl-images-amazon.com/images/I/91QJAzUvlJL.__BG0,0,0,0_FMpng_AC_UL200_SR200,200_.jpg","4138","Kindle Edition","11.99"
"We Are Water","Wally Lamb","Literature & Fiction","4.2","https://images-na.ssl-images-amazon.com/images/I/813JwTJXjkL._UX300_PJku-sticker-v7,TopRight,0,-50_OU01__BG0,0,0,0_FMpng_AC_UL200_SR200,200_.jpg","1712","Kindle Edition","11.49"
"1984","George Orwell","Literature & Fiction","4.5","https://images-na.ssl-images-amazon.com/images/I/71jdyoqd5uL._UX300_PJku-sticker-v7,TopRight,0,-50_OU01__BG0,0,0,0_FMpng_AC_UL200_SR200,200_.jpg","6781","Kindle Edition","9.99"
"Mission Critical","Mark Greaney","Literature & Fiction","4.7","https://images-na.ssl-images-amazon.com/images/I/91Rlee5LoKL._AC_UL200_SR200,200_.jpg","25","Audible Audiobook"," Free with Audible trial"
"Inheriting Edith","Zoe Fishman","Literature & Fiction","4.3","https://images-na.ssl-images-amazon.com/images/I/91K%2BEp%2BYJZL._UX300_PJku-sticker-v7,TopRight,0,-50_OU01__BG0,0,0,0_FMpng_AC_UL200_SR200,200_.jpg","312","Kindle Edition","1.99"
"2666","Roberto Bolaño","Literature & Fiction","4.0","https://images-na.ssl-images-amazon.com/images/I/81Q38BGxPAL.__BG0,0,0,0_FMpng_AC_UL200_SR200,200_.jpg","352","Kindle Edition","1.99"
"The (Half) Truth","Leddy Harper","Literature & Fiction","4.2","https://images-na.ssl-images-amazon.com/images/I/81kG7f4O6GL._UX300_PJku-sticker-v7,TopRight,0,-50_OU01__BG0,0,0,0_FMpng_AC_UL200_SR200,200_.jpg","53","Kindle Edition","3.99"
"The Promise (Neighbor from Hell Book 10)","R.L. Mathewson","Literature & Fiction","4.0","https://images-na.ssl-images-amazon.com/images/I/71Bk4RvEj6L.__BG0,0,0,0_FMpng_AC_UL200_SR200,200_.jpg","3","Kindle Edition","2.99"
"Becoming","Michelle Obama","Law","4.9","https://images-na.ssl-images-amazon.com/images/I/81h2gWPTYJL.__BG0,0,0,0_FMpng_AC_UL200_SR200,200_.jpg","8882","Kindle Edition","14.99"
"Becoming","Michelle Obama","Law","4.9","https://images-na.ssl-images-amazon.com/images/I/81h2gWPTYJL._AC_UL200_SR200,200_.jpg","8882","Hardcover","19.5"
"My Own Words","Ruth Bader Ginsburg","Law","4.3","https://images-na.ssl-images-amazon.com/images/I/A1hnpsagQuL._AC_UL200_SR200,200_.jpg","220","Audible Audiobook"," Free with Audible trial"
"Mindset","Carol S. Dweck","Law","4.5","https://images-na.ssl-images-amazon.com/images/I/81o--FP-hPL._AC_UL200_SR200,200_.jpg","2540","Paperback","10.29"
"The Unwinding of the Miracle","Julie Yip-Williams","Law","4.7","https://images-na.ssl-images-amazon.com/images/I/71kg9i1tNLL.__BG0,0,0,0_FMpng_AC_UL200_SR200,200_.jpg","39","Kindle Edition","13.99"
"Just Mercy","Bryan Stevenson","Law","4.9","https://images-na.ssl-images-amazon.com/images/I/91nwvW60WsL._AC_UL200_SR200,200_.jpg","3408","Paperback","12"
"The Sun Does Shine","Anthony Ray Hinton","Law","4.9","https://images-na.ssl-images-amazon.com/images/I/81ZG9iL%2BykL.__BG0,0,0,0_FMpng_AC_UL200_SR200,200_.jpg","696","Kindle Edition","2.99"
"Just Mercy","Bryan Stevenson","Law","4.9","https://images-na.ssl-images-amazon.com/images/I/81GHc5Ghr8L._AC_UL200_SR200,200_.jpg","3408","Audible Audiobook"," Free with Audible trial"
"Separate","Steve Luxenberg","Law","5.0","https://images-na.ssl-images-amazon.com/images/I/8171latqtEL._AC_UL200_SR200,200_.jpg","4","Hardcover","22.48"
"The New Jim Crow","Michelle Alexander","Law","4.7","https://images-na.ssl-images-amazon.com/images/I/91dFNPI36sL._AC_UL200_SR200,200_.jpg","2897","Paperback","13.56"
"Licensed to Lie","Sidney Powell","Law","4.9","https://images-na.ssl-images-amazon.com/images/I/81QPqGq2QuL._AC_UL200_SR200,200_.jpg","729","Paperback","13.36"
"The Mastermind","Evan Ratliff","Law","4.6","https://images-na.ssl-images-amazon.com/images/I/81C%2BFAn%2BZFL._AC_UL200_SR200,200_.jpg","28","Audible Audiobook"," Free with Audible trial"
"The Innocent Man","John Grisham","Law","4.2","https://images-na.ssl-images-amazon.com/images/I/91Z6s2yqe1L.__BG0,0,0,0_FMpng_AC_UL200_SR200,200_.jpg","2400","Kindle Edition","9.99"
"Becoming","Michelle Obama","Law","4.9","https://images-na.ssl-images-amazon.com/images/I/81-Wzv35LNL._AC_UL200_SR200,200_.jpg","8882","Paperback","23.45"
"The Unwinding of the Miracle","Julie Yip-Williams","Law","4.7","https://images-na.ssl-images-amazon.com/images/I/71kg9i1tNLL._AC_UL200_SR200,200_.jpg","39","Hardcover","16.2"
"Black Klansman","Ron Stallworth","Law","4.2","https://images-na.ssl-images-amazon.com/images/I/9126lwTVuYL.__BG0,0,0,0_FMpng_AC_UL200_SR200,200_.jpg","189","Kindle Edition","9.99"
"A Higher Loyalty","James Comey","Law","4.7","https://images-na.ssl-images-amazon.com/images/I/71npJ8hgRtL._AC_UL200_SR200,200_.jpg","4641","Audible Audiobook"," Free with Audible trial"
"The New Jim Crow","Michelle Alexander","Law","4.7","https://images-na.ssl-images-amazon.com/images/I/81hjZGeVqML._AC_UL200_SR200,200_.jpg","2897","Audible Audiobook"," Free with Audible trial"
"10 Actual, Official LSAT PrepTests Volume VI","Law School Admission Council","Law","4.6","https://images-na.ssl-images-amazon.com/images/I/51nb09SEpHL._AC_UL200_SR200,200_.jpg","56","Paperback","23.11"
"Black Klansman","Ron Stallworth","Law","4.2","https://images-na.ssl-images-amazon.com/images/I/91RYKRFnAXL._AC_UL200_SR200,200_.jpg","189","Paperback","11.22"
"The Color of Law","Richard Rothstein","Law","4.8","https://images-na.ssl-images-amazon.com/images/I/81s1Pbsr1PL._AC_UL200_SR200,200_.jpg","336","Paperback","12.2"
"Just Mercy","Bryan Stevenson","Law","4.9","https://images-na.ssl-images-amazon.com/images/I/91zGz1oe8hL.__BG0,0,0,0_FMpng_AC_UL200_SR200,200_.jpg","3408","Kindle Edition","12.99"
"Robert's Rules of Order Newly Revised (Robert's Rules of Order (Paperback))","Henry M. Robert III","Law","4.5","https://images-na.ssl-images-amazon.com/images/I/41Y99CatobL._AC_UL200_SR200,200_.jpg","847","Paperback","12.88"
"Mindhunter","John E. Douglas","Law","4.4","https://images-na.ssl-images-amazon.com/images/I/81sbS1%2Bl7PL._AC_UL200_SR200,200_.jpg","613","Audible Audiobook"," Free with Audible trial"
"Black Klansman","Ron Stallworth","Law","4.2","https://images-na.ssl-images-amazon.com/images/I/A1pMYRHGQLL._AC_UL200_SR200,200_.jpg","189","Audible Audiobook"," Free with Audible trial"
"A Higher Loyalty","James Comey","Law","4.7","https://images-na.ssl-images-amazon.com/images/I/71sOiC510PL._AC_UL200_SR200,200_.jpg","4641","Hardcover","15.63"
"ASVAB Study Guide 2018-2019","Test Prep Books Military Team","Law","4.5","https://images-na.ssl-images-amazon.com/images/I/51tzSp%2BICLL._AC_UL200_SR200,200_.jpg","130","Paperback","14.24"
"How to Debate Leftists and Destroy Them","Ben Shapiro","Law","4.5","https://images-na.ssl-images-amazon.com/images/I/81LHKEDiDxL.__BG0,0,0,0_FMpng_AC_UL200_SR200,200_.jpg","1286","Kindle Edition","0.99"
"All Good Things","Rosemary Reeve","Law","4.9","https://images-na.ssl-images-amazon.com/images/I/81-WYu9ah6L._UX300_PJku-sticker-v7,TopRight,0,-50_OU01__BG0,0,0,0_FMpng_AC_UL200_SR200,200_.jpg","33","Kindle Edition","2.99"
"The Mastermind","Evan Ratliff","Law","4.6","https://images-na.ssl-images-amazon.com/images/I/81VtpRIVQ8L.__BG0,0,0,0_FMpng_AC_UL200_SR200,200_.jpg","28","Kindle Edition","13.99"
"10 Actual, Official LSAT PrepTests Volume V","Law School Admission Council","Law","4.7","https://images-na.ssl-images-amazon.com/images/I/41nM%2BRt7N9L._AC_UL200_SR200,200_.jpg","174","Paperback","21.89"
"The LSAT Trainer","Mike Kim","Law","4.5","https://images-na.ssl-images-amazon.com/images/I/61cc6p%2BagIL._AC_UL200_SR200,200_.jpg","312","Paperback","49.95"
"Notorious RBG","Irin Carmon","Law","4.5","https://images-na.ssl-images-amazon.com/images/I/51R4tizEs%2BL._AC_UL200_SR200,200_.jpg","822","Hardcover","15.63"
"Becoming","Michelle Obama","Law","4.2","https://images-na.ssl-images-amazon.com/images/I/91ewKs0MGlL._AC_UL200_SR200,200_.jpg","176","Paperback","15.96"
"The Adventures of Big-Foot Wallace","John C. Duval","Law","4.2","https://images-na.ssl-images-amazon.com/images/I/9158p9qyGAL.__BG0,0,0,0_FMpng_AC_UL200_SR200,200_.jpg","39","Kindle Edition","0.99"
"Separate","Steve Luxenberg","Law","5.0","https://images-na.ssl-images-amazon.com/images/I/81ZlsOj003L.__BG0,0,0,0_FMpng_AC_UL200_SR200,200_.jpg","4","Kindle Edition","16.99"
"My Own Words","Ruth Bader Ginsburg","Law","4.3","https://images-na.ssl-images-amazon.com/images/I/81nkCYQj2gL.__BG0,0,0,0_FMpng_AC_UL200_SR200,200_.jpg","220","Kindle Edition","10.99"
"You Have the Right to Remain Innocent","James Duane","Law","4.7","https://images-na.ssl-images-amazon.com/images/I/91FuzelIPtL._UX300_PJku-sticker-v7,TopRight,0,-50_OU01__BG0,0,0,0_FMpng_AC_UL200_SR200,200_.jpg","390","Kindle Edition","0.99"
"The Unwinding of the Miracle","Julie Yip-Williams","Law","4.7","https://images-na.ssl-images-amazon.com/images/I/715XU4qn9BL._AC_UL200_SR200,200_.jpg","39","Audible Audiobook"," Free with Audible trial"
"The Cadaver King and the Country Dentist","Radley Balko","Law","4.3","https://images-na.ssl-images-amazon.com/images/I/91TPAdv-zCL._AC_UL200_SR200,200_.jpg","79","Audible Audiobook"," Free with Audible trial"
"The Complete Sherlock Holmes","Arthur Conan Doyle","Law","4.5","https://images-na.ssl-images-amazon.com/images/I/71dGUCSn88L.__BG0,0,0,0_FMpng_AC_UL200_SR200,200_.jpg","5738","Kindle Edition","0.49"
"The Smartest Guys in the Room","Bethany McLean","Law","4.5","https://images-na.ssl-images-amazon.com/images/I/81qWzybfeRL._AC_UL200_SR200,200_.jpg","328","Audible Audiobook"," Free with Audible trial"
"The Mastermind","Evan Ratliff","Law","4.6","https://images-na.ssl-images-amazon.com/images/I/81VtpRIVQ8L._AC_UL200_SR200,200_.jpg","28","Hardcover","18.3"
"Mindhunter","John E. Douglas","Law","4.4","https://images-na.ssl-images-amazon.com/images/I/819zXrYsgvL._AC_UL200_SR200,200_.jpg","613","Paperback","11.55"
"Robert's Rules of Order Newly Revised In Brief, 2nd edition (Roberts Rules of Order in Brief)","Henry M. III Robert","Law","4.6","https://images-na.ssl-images-amazon.com/images/I/51hULu0kpLL._AC_UL200_SR200,200_.jpg","649","Paperback","7.99"
"Emotional survival for law enforcement","Kevin M Gilmartin","Law","4.8","https://images-na.ssl-images-amazon.com/images/I/51gYIoOxSjL._AC_UL200_SR200,200_.jpg","423","Paperback","19.57"
"The Innocent Man","John Grisham","Law","4.2","https://images-na.ssl-images-amazon.com/images/I/51DjdmL0HHL._AC_UL200_SR200,200_.jpg","2400","Audible Audiobook"," Free with Audible trial"
"University of Berkshire Hathaway","Daniel Pecaut","Law","4.5","https://images-na.ssl-images-amazon.com/images/I/51Pcln-ELCL._AC_UL200_SR200,200_.jpg","206","Paperback","12.14"
"Notorious RBG","Irin Carmon","Law","4.5","https://images-na.ssl-images-amazon.com/images/I/81G2zE%2BuvrL._AC_UL200_SR200,200_.jpg","822","Audible Audiobook"," Free with Audible trial"
"The Moment of Lift","Melinda Gates","Law",NA,"https://images-na.ssl-images-amazon.com/images/I/81RPfvN435L._AC_UL200_SR200,200_.jpg",NA,"Hardcover","17.7"
